<?xml version="1.0" encoding="UTF-8"?>
<GenRun Id="impl_1" LaunchPart="xc7a100tcsg324-1" LaunchTime="1709033642">
  <File Type="BITSTR-BMM" Name="nexys_alu_bd.bmm"/>
  <File Type="OPT-METHODOLOGY-DRC" Name="nexys_alu_methodology_drc_opted.rpt"/>
  <File Type="INIT-TIMING" Name="nexys_alu_timing_summary_init.rpt"/>
  <File Type="ROUTE-PWR" Name="nexys_alu_power_routed.rpt"/>
  <File Type="PA-TCL" Name="nexys_alu.tcl"/>
  <File Type="OPT-TIMING" Name="nexys_alu_timing_summary_opted.rpt"/>
  <File Type="OPT-DCP" Name="nexys_alu_opt.dcp"/>
  <File Type="ROUTE-PWR-SUM" Name="nexys_alu_power_summary_routed.pb"/>
  <File Type="REPORTS-TCL" Name="nexys_alu_reports.tcl"/>
  <File Type="OPT-DRC" Name="nexys_alu_drc_opted.rpt"/>
  <File Type="OPT-HWDEF" Name="nexys_alu.hwdef"/>
  <File Type="PWROPT-DCP" Name="nexys_alu_pwropt.dcp"/>
  <File Type="PWROPT-DRC" Name="nexys_alu_drc_pwropted.rpt"/>
  <File Type="PWROPT-TIMING" Name="nexys_alu_timing_summary_pwropted.rpt"/>
  <File Type="PLACE-DCP" Name="nexys_alu_placed.dcp"/>
  <File Type="PLACE-IO" Name="nexys_alu_io_placed.rpt"/>
  <File Type="PLACE-CLK" Name="nexys_alu_clock_utilization_placed.rpt"/>
  <File Type="PLACE-UTIL" Name="nexys_alu_utilization_placed.rpt"/>
  <File Type="PLACE-UTIL-PB" Name="nexys_alu_utilization_placed.pb"/>
  <File Type="PLACE-CTRL" Name="nexys_alu_control_sets_placed.rpt"/>
  <File Type="PLACE-SIMILARITY" Name="nexys_alu_incremental_reuse_placed.rpt"/>
  <File Type="PLACE-PRE-SIMILARITY" Name="nexys_alu_incremental_reuse_pre_placed.rpt"/>
  <File Type="PLACE-TIMING" Name="nexys_alu_timing_summary_placed.rpt"/>
  <File Type="POSTPLACE-PWROPT-DCP" Name="nexys_alu_postplace_pwropt.dcp"/>
  <File Type="BG-BIN" Name="nexys_alu.bin"/>
  <File Type="POSTPLACE-PWROPT-TIMING" Name="nexys_alu_timing_summary_postplace_pwropted.rpt"/>
  <File Type="PHYSOPT-DCP" Name="nexys_alu_physopt.dcp"/>
  <File Type="PHYSOPT-DRC" Name="nexys_alu_drc_physopted.rpt"/>
  <File Type="BITSTR-MSK" Name="nexys_alu.msk"/>
  <File Type="PHYSOPT-TIMING" Name="nexys_alu_timing_summary_physopted.rpt"/>
  <File Type="ROUTE-ERROR-DCP" Name="nexys_alu_routed_error.dcp"/>
  <File Type="ROUTE-DCP" Name="nexys_alu_routed.dcp"/>
  <File Type="ROUTE-BLACKBOX-DCP" Name="nexys_alu_routed_bb.dcp"/>
  <File Type="ROUTE-DRC" Name="nexys_alu_drc_routed.rpt"/>
  <File Type="ROUTE-DRC-PB" Name="nexys_alu_drc_routed.pb"/>
  <File Type="ROUTE-DRC-RPX" Name="nexys_alu_drc_routed.rpx"/>
  <File Type="BITSTR-MMI" Name="nexys_alu.mmi"/>
  <File Type="ROUTE-METHODOLOGY-DRC" Name="nexys_alu_methodology_drc_routed.rpt"/>
  <File Type="ROUTE-METHODOLOGY-DRC-RPX" Name="nexys_alu_methodology_drc_routed.rpx"/>
  <File Type="ROUTE-METHODOLOGY-DRC-PB" Name="nexys_alu_methodology_drc_routed.pb"/>
  <File Type="ROUTE-PWR-RPX" Name="nexys_alu_power_routed.rpx"/>
  <File Type="ROUTE-STATUS" Name="nexys_alu_route_status.rpt"/>
  <File Type="ROUTE-STATUS-PB" Name="nexys_alu_route_status.pb"/>
  <File Type="ROUTE-TIMINGSUMMARY" Name="nexys_alu_timing_summary_routed.rpt"/>
  <File Type="ROUTE-TIMING-PB" Name="nexys_alu_timing_summary_routed.pb"/>
  <File Type="ROUTE-TIMING-RPX" Name="nexys_alu_timing_summary_routed.rpx"/>
  <File Type="ROUTE-SIMILARITY" Name="nexys_alu_incremental_reuse_routed.rpt"/>
  <File Type="ROUTE-CLK" Name="nexys_alu_clock_utilization_routed.rpt"/>
  <File Type="ROUTE-BUS-SKEW" Name="nexys_alu_bus_skew_routed.rpt"/>
  <File Type="ROUTE-BUS-SKEW-PB" Name="nexys_alu_bus_skew_routed.pb"/>
  <File Type="ROUTE-BUS-SKEW-RPX" Name="nexys_alu_bus_skew_routed.rpx"/>
  <File Type="POSTROUTE-PHYSOPT-DCP" Name="nexys_alu_postroute_physopt.dcp"/>
  <File Type="POSTROUTE-PHYSOPT-BLACKBOX-DCP" Name="nexys_alu_postroute_physopt_bb.dcp"/>
  <File Type="POSTROUTE-PHYSOPT-TIMING" Name="nexys_alu_timing_summary_postroute_physopted.rpt"/>
  <File Type="POSTROUTE-PHYSOPT-TIMING-PB" Name="nexys_alu_timing_summary_postroute_physopted.pb"/>
  <File Type="POSTROUTE-PHYSOPT-TIMING-RPX" Name="nexys_alu_timing_summary_postroute_physopted.rpx"/>
  <File Type="POSTROUTE-PHYSOPT-BUS-SKEW" Name="nexys_alu_bus_skew_postroute_physopted.rpt"/>
  <File Type="POSTROUTE-PHYSOPT-BUS-SKEW-PB" Name="nexys_alu_bus_skew_postroute_physopted.pb"/>
  <File Type="BG-BIT" Name="nexys_alu.bit"/>
  <File Type="POSTROUTE-PHYSOPT-BUS-SKEW-RPX" Name="nexys_alu_bus_skew_postroute_physopted.rpx"/>
  <File Type="BITSTR-RBT" Name="nexys_alu.rbt"/>
  <File Type="BITSTR-NKY" Name="nexys_alu.nky"/>
  <File Type="PDI-FILE" Name="nexys_alu.pdi"/>
  <File Type="RCFI_FILE" Name="nexys_alu.rcfi"/>
  <File Type="CFI_FILE" Name="nexys_alu.cfi"/>
  <File Type="RNPI_FILE" Name="nexys_alu.rnpi"/>
  <File Type="NPI_FILE" Name="nexys_alu.npi"/>
  <File Type="RBD_FILE" Name="nexys_alu.rbd"/>
  <File Type="BITSTR-LTX" Name="debug_nets.ltx"/>
  <File Type="BITSTR-LTX" Name="nexys_alu.ltx"/>
  <File Type="BITSTR-SYSDEF" Name="nexys_alu.sysdef"/>
  <File Type="BG-BGN" Name="nexys_alu.bgn"/>
  <File Type="BG-DRC" Name="nexys_alu.drc"/>
  <File Type="RDI-RDI" Name="nexys_alu.vdi"/>
  <File Type="WBT-USG" Name="usage_statistics_webtalk.html"/>
  <FileSet Name="sources" Type="DesignSrcs" RelSrcDir="$PSRCDIR/sources_1">
    <Filter Type="Srcs"/>
    <File Path="$PPRDIR/../../../Downloads/alu_opcodes_pkg.sv">
      <FileInfo>
        <Attr Name="UsedIn" Val="synthesis"/>
        <Attr Name="UsedIn" Val="implementation"/>
        <Attr Name="UsedIn" Val="simulation"/>
      </FileInfo>
    </File>
    <File Path="$PSRCDIR/sources_1/new/alu_riscv.sv">
      <FileInfo>
        <Attr Name="UsedIn" Val="synthesis"/>
        <Attr Name="UsedIn" Val="implementation"/>
        <Attr Name="UsedIn" Val="simulation"/>
      </FileInfo>
    </File>
    <File Path="$PSRCDIR/sources_1/new/fulladder.sv">
      <FileInfo>
        <Attr Name="UsedIn" Val="synthesis"/>
        <Attr Name="UsedIn" Val="implementation"/>
        <Attr Name="UsedIn" Val="simulation"/>
      </FileInfo>
    </File>
    <File Path="$PSRCDIR/sources_1/new/fulladder32.sv">
      <FileInfo>
        <Attr Name="UsedIn" Val="synthesis"/>
        <Attr Name="UsedIn" Val="implementation"/>
        <Attr Name="UsedIn" Val="simulation"/>
      </FileInfo>
    </File>
    <File Path="$PPRDIR/../../../Downloads/nexys_alu.sv">
      <FileInfo>
        <Attr Name="UsedIn" Val="synthesis"/>
        <Attr Name="UsedIn" Val="implementation"/>
        <Attr Name="UsedIn" Val="simulation"/>
      </FileInfo>
    </File>
    <File Path="$PSRCDIR/sources_1/new/nexys_adder.sv">
      <FileInfo>
        <Attr Name="AutoDisabled" Val="1"/>
        <Attr Name="UsedIn" Val="synthesis"/>
        <Attr Name="UsedIn" Val="implementation"/>
        <Attr Name="UsedIn" Val="simulation"/>
      </FileInfo>
    </File>
    <File Path="$PSRCDIR/sources_1/new/fulladder4.sv">
      <FileInfo>
        <Attr Name="AutoDisabled" Val="1"/>
        <Attr Name="UsedIn" Val="synthesis"/>
        <Attr Name="UsedIn" Val="implementation"/>
        <Attr Name="UsedIn" Val="simulation"/>
      </FileInfo>
    </File>
    <Config>
      <Option Name="DesignMode" Val="RTL"/>
      <Option Name="TopModule" Val="nexys_alu"/>
    </Config>
  </FileSet>
  <FileSet Name="constrs_in" Type="Constrs" RelSrcDir="$PSRCDIR/constrs_1">
    <Filter Type="Constrs"/>
    <File Path="$PSRCDIR/constrs_1/new/fulladder32.xdc">
      <FileInfo>
        <Attr Name="UsedIn" Val="synthesis"/>
        <Attr Name="UsedIn" Val="implementation"/>
      </FileInfo>
    </File>
    <File Path="$PPRDIR/../../../Downloads/nexys_a7_100t.xdc">
      <FileInfo>
        <Attr Name="UsedIn" Val="synthesis"/>
        <Attr Name="UsedIn" Val="implementation"/>
      </FileInfo>
    </File>
    <Config>
      <Option Name="ConstrsType" Val="XDC"/>
    </Config>
  </FileSet>
  <FileSet Name="utils" Type="Utils" RelSrcDir="$PSRCDIR/utils_1">
    <Filter Type="Utils"/>
    <Config>
      <Option Name="TopAutoSet" Val="TRUE"/>
    </Config>
  </FileSet>
  <Strategy Version="1" Minor="2">
    <StratHandle Name="Vivado Implementation Defaults" Flow="Vivado Implementation 2019"/>
    <Step Id="init_design"/>
    <Step Id="opt_design"/>
    <Step Id="power_opt_design"/>
    <Step Id="place_design"/>
    <Step Id="post_place_power_opt_design"/>
    <Step Id="phys_opt_design" EnableStepBool="1"/>
    <Step Id="route_design"/>
    <Step Id="post_route_phys_opt_design"/>
    <Step Id="write_bitstream"/>
  </Strategy>
</GenRun>
